subreddit,title,url,created_utc
TrueOffMyChest,i feel like my girlfriend doesn’t listen to me,https://www.reddit.com/r/TrueOffMyChest/comments/1k0ipmz/i_feel_like_my_girlfriend_doesnt_listen_to_me/,1744805015.0
TrueOffMyChest,I absolutely love my boyfriend but..,https://www.reddit.com/r/TrueOffMyChest/comments/1k0gjf3/i_absolutely_love_my_boyfriend_but/,1744797012.0
TrueOffMyChest,My friend named his son after me and I don't know what to feel.,https://www.reddit.com/r/TrueOffMyChest/comments/1k0g8d8/my_friend_named_his_son_after_me_and_i_dont_know/,1744795686.0
TrueOffMyChest,I dumped my boyfriend of 9years because he started to get abusive,https://www.reddit.com/r/TrueOffMyChest/comments/1k0g38r/i_dumped_my_boyfriend_of_9years_because_he/,1744795058.0
TrueOffMyChest,"I dreamt of my first boyfriend for the first time, 10 years after we broke up.",https://www.reddit.com/r/TrueOffMyChest/comments/1k0f95n/i_dreamt_of_my_first_boyfriend_for_the_first_time/,1744791314.0
TrueOffMyChest,I love my best friend,https://www.reddit.com/r/TrueOffMyChest/comments/1k0f6hb/i_love_my_best_friend/,1744790964.0
TrueOffMyChest,Title: Caught my girlfriend in secretive contact with another man — now she’s gaslighting and accusing me of everything,https://www.reddit.com/r/TrueOffMyChest/comments/1k0esb8/title_caught_my_girlfriend_in_secretive_contact/,1744789218.0
TrueOffMyChest,I can’t stand my boyfriend’s lifestyle and I want out,https://www.reddit.com/r/TrueOffMyChest/comments/1k0e8nt/i_cant_stand_my_boyfriends_lifestyle_and_i_want/,1744786855.0
TrueOffMyChest,"I’m quietly breaking under the weight of my partner’s trauma, and no one knows",https://www.reddit.com/r/TrueOffMyChest/comments/1k0dph6/im_quietly_breaking_under_the_weight_of_my/,1744784561.0
TrueOffMyChest,cutting off my toxic brother is hurting my mom´s feelings,https://www.reddit.com/r/TrueOffMyChest/comments/1k0dn19/cutting_off_my_toxic_brother_is_hurting_my_moms/,1744784285.0
TrueOffMyChest,I hate men - my coworker is a pathetic disgusting man parading as a good guy,https://www.reddit.com/r/TrueOffMyChest/comments/1k0cwri/i_hate_men_my_coworker_is_a_pathetic_disgusting/,1744781357.0
TrueOffMyChest,friend constantly spams me and i can’t take it anymore.,https://www.reddit.com/r/TrueOffMyChest/comments/1k0ahna/friend_constantly_spams_me_and_i_cant_take_it/,1744772698.0
TrueOffMyChest,I (M29) confessed to my best friend's ex (F29) and asked her out.,https://www.reddit.com/r/TrueOffMyChest/comments/1k09usu/i_m29_confessed_to_my_best_friends_ex_f29_and/,1744770692.0
TrueOffMyChest,"My (29F) ex-husband (34M) keeps pulling me back in emotionally, even though he has a girlfriend. I’m exhausted. Should I go no-contact or try to be the bigger person?",https://www.reddit.com/r/TrueOffMyChest/comments/1k09dum/my_29f_exhusband_34m_keeps_pulling_me_back_in/,1744769196.0
TrueOffMyChest,UPDATE - My roommate sent me a condescending checklist and then lost her mind when I stood up for myself,https://www.reddit.com/r/TrueOffMyChest/comments/1k097v0/update_my_roommate_sent_me_a_condescending/,1744768681.0
TrueOffMyChest,I cheated on my girlfriend and I can’t live with myself,https://www.reddit.com/r/TrueOffMyChest/comments/1k07ult/i_cheated_on_my_girlfriend_and_i_cant_live_with/,1744764421.0
TrueOffMyChest,I found a friend's boyfriend on the dating app.,https://www.reddit.com/r/TrueOffMyChest/comments/1k07025/i_found_a_friends_boyfriend_on_the_dating_app/,1744761831.0
TrueOffMyChest,In love with my best friend and I can't tell her,https://www.reddit.com/r/TrueOffMyChest/comments/1k061ee/in_love_with_my_best_friend_and_i_cant_tell_her/,1744759068.0
relationship_advice,I (19/M) had an issue with my friend (20/F) and now I am unsure of how to go forward after.,https://www.reddit.com/r/relationship_advice/comments/1k0jcey/i_19m_had_an_issue_with_my_friend_20f_and_now_i/,1744806984.0
relationship_advice,My girlfriend(27F) has been distant after I(28M) smoked with her roommate(24F). I want to reconnect but don’t know how to approach it.,https://www.reddit.com/r/relationship_advice/comments/1k0j16g/my_girlfriend27f_has_been_distant_after_i28m/,1744806027.0
relationship_advice,why does a friend(19F) of mine (19F) treat me nicely when it's just the two of us but constantly puts me down when we are in a group setting?,https://www.reddit.com/r/relationship_advice/comments/1k0ivpw/why_does_a_friend19f_of_mine_19f_treat_me_nicely/,1744805558.0
relationship_advice,What can I (30F) do to make my boyfriend (39M) clean his poop stains in the toilets?,https://www.reddit.com/r/relationship_advice/comments/1k0it95/what_can_i_30f_do_to_make_my_boyfriend_39m_clean/,1744805340.0
relationship_advice,I asked my partner to stay with me during a depressive episode what do I say to him? 23/M 21/F,https://www.reddit.com/r/relationship_advice/comments/1k0iiq0/i_asked_my_partner_to_stay_with_me_during_a/,1744804422.0
relationship_advice,Sudden withdrawal after emotional & physical closeness — could sexual shame be the reason? 40F 40M,https://www.reddit.com/r/relationship_advice/comments/1k0i55y/sudden_withdrawal_after_emotional_physical/,1744803138.0
relationship_advice,"Friend (20F) consistently cancels, is late, and puts in little effort. It feels like her time matters more than mine. How can I (20F) handle this situation?",https://www.reddit.com/r/relationship_advice/comments/1k0i3lk/friend_20f_consistently_cancels_is_late_and_puts/,1744802994.0
relationship_advice,I feel like this was more of a lack of communication between me (19F) and my boyfriend (23M) but a part of me like he just started losing interest/respect for me.,https://www.reddit.com/r/relationship_advice/comments/1k0i3c1/i_feel_like_this_was_more_of_a_lack_of/,1744802968.0
relationship_advice,"I (M24) think my long-distance girlfriend (F27) has probably lied to me about her past, and now I don’t know if I can trust her at all.  How can I trust her moving forward?",https://www.reddit.com/r/relationship_advice/comments/1k0hswe/i_m24_think_my_longdistance_girlfriend_f27_has/,1744801928.0
relationship_advice,My partner [35M] makes me[29F] feel bad for being at work,https://www.reddit.com/r/relationship_advice/comments/1k0hs9z/my_partner_35m_makes_me29f_feel_bad_for_being_at/,1744801867.0
relationship_advice,[NSFW] My (22F) boyfriend (25M) asked for a 3some,https://www.reddit.com/r/relationship_advice/comments/1k0hr3l/nsfw_my_22f_boyfriend_25m_asked_for_a_3some/,1744801745.0
relationship_advice,Me (28M) and my new partner (40F) cannot complete our relationship because she involuntary thinks of her ex during sex. How should both me and her respond to this?,https://www.reddit.com/r/relationship_advice/comments/1k0hqb4/me_28m_and_my_new_partner_40f_cannot_complete_our/,1744801667.0
relationship_advice,Remaining hopeful after my (22F) do next about an ons with a good friend (23M)?,https://www.reddit.com/r/relationship_advice/comments/1k0hk8v/remaining_hopeful_after_my_22f_do_next_about_an/,1744801080.0
relationship_advice,I 46F have an Unfriendly with Benefits 50M and I really don’t understand it - can you explain what’s going on?,https://www.reddit.com/r/relationship_advice/comments/1k0hicv/i_46f_have_an_unfriendly_with_benefits_50m_and_i/,1744800888.0
relationship_advice,How do you (25F) support a partner (30M) going through burnout without losing the relationship?,https://www.reddit.com/r/relationship_advice/comments/1k0h7dy/how_do_you_25f_support_a_partner_30m_going/,1744799693.0
relationship_advice,Need help feeling supported by my (23F) partner (23F),https://www.reddit.com/r/relationship_advice/comments/1k0h0w3/need_help_feeling_supported_by_my_23f_partner_23f/,1744798988.0
relationship_advice,My girlfriend (36F) kept seeing her ex behind my (33M) back. Is there any way to recover from this?,https://www.reddit.com/r/relationship_advice/comments/1k0gzm1/my_girlfriend_36f_kept_seeing_her_ex_behind_my/,1744798847.0
relationship_advice,I (19F) slept with one of my best friends (19F) when we were both drunk and now I'm at a loss,https://www.reddit.com/r/relationship_advice/comments/1k0gyj3/i_19f_slept_with_one_of_my_best_friends_19f_when/,1744798721.0
relationship_advice,"Since my last girlfriend (21f) left me (31m), I insist on splitting bills on all my dates because I'm not that attracted to them and don't care if they think I'm cheap. Am I being unfair?",https://www.reddit.com/r/relationship_advice/comments/1k0gxy0/since_my_last_girlfriend_21f_left_me_31m_i_insist/,1744798653.0
relationship_advice,What to do when our partner starts Perimenopause?  - M44 and F40,https://www.reddit.com/r/relationship_advice/comments/1k0gn35/what_to_do_when_our_partner_starts_perimenopause/,1744797439.0
relationship_advice,How to work out whether my (25F) friend (27F) is in love with me??,https://www.reddit.com/r/relationship_advice/comments/1k0gmt9/how_to_work_out_whether_my_25f_friend_27f_is_in/,1744797408.0
relationship_advice,"my brother (28m) told my mom (49f) he was gonna k*ll himself, how can I fix it? It caused me (23f) to have a panic attack today during fight",https://www.reddit.com/r/relationship_advice/comments/1k0gm6z/my_brother_28m_told_my_mom_49f_he_was_gonna_kll/,1744797335.0
relationship_advice,My (24M) girlfriend (23F) is prioritising her best friend (25M) and it makes me jealous,https://www.reddit.com/r/relationship_advice/comments/1k0glui/my_24m_girlfriend_23f_is_prioritising_her_best/,1744797296.0
relationship_advice,My GF (29F) burned bridges with her best friend (29M) and I (28M) could use some advice on how to help mend their relationship?,https://www.reddit.com/r/relationship_advice/comments/1k0gf3c/my_gf_29f_burned_bridges_with_her_best_friend_29m/,1744796485.0
relationship_advice,Having to decide between my Parents and my(24f) Boyfriend(33m) How do I make both of them happy?,https://www.reddit.com/r/relationship_advice/comments/1k0gd7p/having_to_decide_between_my_parents_and_my24f/,1744796269.0
relationship_advice,I (25M) am worried my girlfriend (21F) has lost interest in me.,https://www.reddit.com/r/relationship_advice/comments/1k0g132/i_25m_am_worried_my_girlfriend_21f_has_lost/,1744794793.0
relationship_advice,I (22F) tried to ask out my friend (29M)…it didn’t work?,https://www.reddit.com/r/relationship_advice/comments/1k0fygb/i_22f_tried_to_ask_out_my_friend_29mit_didnt_work/,1744794473.0
relationship_advice,(28f) found gay and trans porn on (28m)’s reddit.  Is my boyfriend gay?,https://www.reddit.com/r/relationship_advice/comments/1k0fu1c/28f_found_gay_and_trans_porn_on_28ms_reddit_is_my/,1744793959.0
relationship_advice,"My (M26) feelings are destroying my friendship with my two best friends (M23, F21)",https://www.reddit.com/r/relationship_advice/comments/1k0fti1/my_m26_feelings_are_destroying_my_friendship_with/,1744793894.0
relationship_advice,"My boyfriend (29M) said he wishes we had deeper conversations, and now I (29F) feel boring",https://www.reddit.com/r/relationship_advice/comments/1k0fsdd/my_boyfriend_29m_said_he_wishes_we_had_deeper/,1744793749.0
relationship_advice,My (21F) boyfriend’s (22M) mom is overbearing,https://www.reddit.com/r/relationship_advice/comments/1k0fkka/my_21f_boyfriends_22m_mom_is_overbearing/,1744792763.0
relationship_advice,how do i (F 20) help my boyfriend (M 20) when it feels like he’s slipping away,https://www.reddit.com/r/relationship_advice/comments/1k0fjs8/how_do_i_f_20_help_my_boyfriend_m_20_when_it/,1744792665.0
relationship_advice,How do I(22F) get my brother(23M) to help out with chores?,https://www.reddit.com/r/relationship_advice/comments/1k0fh3p/how_do_i22f_get_my_brother23m_to_help_out_with/,1744792312.0
relationship_advice,I (30 F) need pick me ups for my husband (40 M),https://www.reddit.com/r/relationship_advice/comments/1k0fbmi/i_30_f_need_pick_me_ups_for_my_husband_40_m/,1744791619.0
relationship_advice,I (20m) have redeveloped feelings for a friend (20f) but am in a relationship that i dont want to mess up,https://www.reddit.com/r/relationship_advice/comments/1k0f2l7/i_20m_have_redeveloped_feelings_for_a_friend_20f/,1744790483.0
relationship_advice,How can I bring peace for both me (30M) and my gf (28F) who know each other since childhood? friendship turned to relationship,https://www.reddit.com/r/relationship_advice/comments/1k0f0d2/how_can_i_bring_peace_for_both_me_30m_and_my_gf/,1744790216.0
relationship_advice,How can I [27M] combat the sense of jealousy when I hear about my way younger friends[20-22M/F] being in relationships?,https://www.reddit.com/r/relationship_advice/comments/1k0eq7o/how_can_i_27m_combat_the_sense_of_jealousy_when_i/,1744788948.0
relationship_advice,"I (F23) am having intimacy problems w my boyfriend (M24), what should we do?",https://www.reddit.com/r/relationship_advice/comments/1k0epnc/i_f23_am_having_intimacy_problems_w_my_boyfriend/,1744788883.0
relationship_advice,My (M25) partner decided he wants to have kids with me (F25).,https://www.reddit.com/r/relationship_advice/comments/1k0epe4/my_m25_partner_decided_he_wants_to_have_kids_with/,1744788852.0
relationship_advice,I’m (35F) moving out with the kids while my husband (36M) mom (68F?)has cancer and trying to move in with us,https://www.reddit.com/r/relationship_advice/comments/1k0eow6/im_35f_moving_out_with_the_kids_while_my_husband/,1744788789.0
relationship_advice,"My girlfriend [18 F] of 8 months keeps calling herself selfish, I [18M] don’t know what to do",https://www.reddit.com/r/relationship_advice/comments/1k0emde/my_girlfriend_18_f_of_8_months_keeps_calling/,1744788481.0
relationship_advice,I(31f) am looking forward to a visit with a friend(31f) but concerned my husband's(33m) change of plans will impact mine. Should Ijust accept my plans may be canceled?,https://www.reddit.com/r/relationship_advice/comments/1k0e6gp/i31f_am_looking_forward_to_a_visit_with_a/,1744786599.0
relationship_advice,I (29F) deleted some intimate photos of my boyfriend’s (32M) exes. He found out and says there’s no future. Am I really that awful?,https://www.reddit.com/r/relationship_advice/comments/1k0e46d/i_29f_deleted_some_intimate_photos_of_my/,1744786311.0
relationship_advice,I (22F) can't look at my partner (24M) the same way after he attacked his mother,https://www.reddit.com/r/relationship_advice/comments/1k0dxcb/i_22f_cant_look_at_my_partner_24m_the_same_way/,1744785498.0
relationship_advice,I (21F) and my best friend (22F) kissed each other last night,https://www.reddit.com/r/relationship_advice/comments/1k0dvvx/i_21f_and_my_best_friend_22f_kissed_each_other/,1744785330.0
relationship_advice,How do I 20F get my brother 21M to understand how he’s allowing his girlfriend 20F to mistreat our parents?,https://www.reddit.com/r/relationship_advice/comments/1k0dstu/how_do_i_20f_get_my_brother_21m_to_understand_how/,1744784964.0
relationship_advice,"Our college friendship between her (22F) and I (22M) has been nothing but awkward encounters - how do I prepare for our upcoming ""talk about everything"" meetup?",https://www.reddit.com/r/relationship_advice/comments/1k0dnr4/our_college_friendship_between_her_22f_and_i_22m/,1744784369.0
relationship_advice,I (22M) have lied to my girlfriend (25F) about an addiction that I’ve had on and off in our relationship,https://www.reddit.com/r/relationship_advice/comments/1k0dkyz/i_22m_have_lied_to_my_girlfriend_25f_about_an/,1744784048.0
relationship_advice,I (21f) feel like my husband (22m) is just here for comfort,https://www.reddit.com/r/relationship_advice/comments/1k0dhq1/i_21f_feel_like_my_husband_22m_is_just_here_for/,1744783663.0
relationship_advice,Struggling with feeling dismissed after a fight about my boyfriend going on a trip over my birthday — how do I navigate this dynamic? (F27/M25),https://www.reddit.com/r/relationship_advice/comments/1k0dfuk/struggling_with_feeling_dismissed_after_a_fight/,1744783449.0
relationship_advice,Me (34F) and my partner of 14 years (37M) ended our relationship—and now we’ve become strangers.,https://www.reddit.com/r/relationship_advice/comments/1k0df60/me_34f_and_my_partner_of_14_years_37m_ended_our/,1744783372.0
relationship_advice,"My (28F) girlfriend (25F) “Needing space” seems like a lie and I don’t know what to do next, any advice?",https://www.reddit.com/r/relationship_advice/comments/1k0de1q/my_28f_girlfriend_25f_needing_space_seems_like_a/,1744783254.0
relationship_advice,Is it reasonablp that I (20 F) want break up with my boyfriend (20 M)?,https://www.reddit.com/r/relationship_advice/comments/1k0d967/is_it_reasonablp_that_i_20_f_want_break_up_with/,1744782715.0
relationship_advice,(25F) my 33M partner ices me after having any even slightly deep conversation - how do I fix this?,https://www.reddit.com/r/relationship_advice/comments/1k0d81k/25f_my_33m_partner_ices_me_after_having_any_even/,1744782595.0
relationship_advice,Long distance girlfriend(29f) is creating a hostile relationship for me(28m) How do I handle this?,https://www.reddit.com/r/relationship_advice/comments/1k0d6ob/long_distance_girlfriend29f_is_creating_a_hostile/,1744782444.0
relationship_advice,How do I (30/M) approach talking to my friend (30/M) about struggling with him continuing to be friends with people who wronged us both?,https://www.reddit.com/r/relationship_advice/comments/1k0d2cs/how_do_i_30m_approach_talking_to_my_friend_30m/,1744781961.0
relationship_advice,my (34M)  Girlfriend (27F) accepted an ex instagram request but not mine. how to address that?,https://www.reddit.com/r/relationship_advice/comments/1k0d1l7/my_34m_girlfriend_27f_accepted_an_ex_instagram/,1744781879.0
relationship_advice,"My (21f) husband (21m) has lied to me AGAIN, when is enough, enough?",https://www.reddit.com/r/relationship_advice/comments/1k0cxxu/my_21f_husband_21m_has_lied_to_me_again_when_is/,1744781484.0
relationship_advice,I [18M] have a girlfriend [18F] believe my girlfriend is a narcissist,https://www.reddit.com/r/relationship_advice/comments/1k0cx87/i_18m_have_a_girlfriend_18f_believe_my_girlfriend/,1744781407.0
relationship_advice,I (18F) made out with my friend (18F)’s old situationship (19F). How do I move forward from this?,https://www.reddit.com/r/relationship_advice/comments/1k0csj5/i_18f_made_out_with_my_friend_18fs_old/,1744780900.0
relationship_advice,"I (27F) broke up with my (25M) boyfriend few days ago and I'm struggling, help?",https://www.reddit.com/r/relationship_advice/comments/1k0crx4/i_27f_broke_up_with_my_25m_boyfriend_few_days_ago/,1744780836.0
AskReddit,What lesson took you the longest to learn?,https://www.reddit.com/r/AskReddit/comments/1k0jbay/what_lesson_took_you_the_longest_to_learn/,1744806891.0
AskReddit,Who is your favourite famous Irish person?,https://www.reddit.com/r/AskReddit/comments/1k0jaj6/who_is_your_favourite_famous_irish_person/,1744806823.0
AskReddit,What have you mentioned time and time again that your partner and/or love ones still don't do?,https://www.reddit.com/r/AskReddit/comments/1k0j6wn/what_have_you_mentioned_time_and_time_again_that/,1744806524.0
AskReddit,What did an ex did that you wish your current partner would?,https://www.reddit.com/r/AskReddit/comments/1k0j6ba/what_did_an_ex_did_that_you_wish_your_current/,1744806472.0
AskReddit,What are you really good at reading about a person during a first conversation/interaction?,https://www.reddit.com/r/AskReddit/comments/1k0j5f0/what_are_you_really_good_at_reading_about_a/,1744806393.0
AskReddit,"When objectively looking at another couple, when can you clearly tell that someone of your own gender is being abusive/dishonest/etc. to their partner?",https://www.reddit.com/r/AskReddit/comments/1k0j4rd/when_objectively_looking_at_another_couple_when/,1744806335.0
AskReddit,"At what age did you have your first girlfriend or boyfriend, respectively?",https://www.reddit.com/r/AskReddit/comments/1k0j4on/at_what_age_did_you_have_your_first_girlfriend_or/,1744806329.0
AskReddit,Do you have any famous person in family or know some famous person? What is she/he like in private?,https://www.reddit.com/r/AskReddit/comments/1k0iyfi/do_you_have_any_famous_person_in_family_or_know/,1744805791.0
AskReddit,"Everyone talks about the ""Weird Kid"" at school, but who was your Weird Coworker?",https://www.reddit.com/r/AskReddit/comments/1k0iwm8/everyone_talks_about_the_weird_kid_at_school_but/,1744805640.0
AskReddit,What’s a reason you beefed with a child as an adult?,https://www.reddit.com/r/AskReddit/comments/1k0irkc/whats_a_reason_you_beefed_with_a_child_as_an_adult/,1744805189.0
AmItheAsshole,AITAH for getting into a talking stage with another person while seeing my ex?,https://www.reddit.com/r/AmItheAsshole/comments/1k0iz34/aitah_for_getting_into_a_talking_stage_with/,1744805847.0
AmItheAsshole,AITA for not telling my friends gf that she was seeing another person on before her?,https://www.reddit.com/r/AmItheAsshole/comments/1k0ixpv/aita_for_not_telling_my_friends_gf_that_she_was/,1744805734.0
AmItheAsshole,AITA because my girlfriend leaves me on read on socials so I unfriended her,https://www.reddit.com/r/AmItheAsshole/comments/1k0ios4/aita_because_my_girlfriend_leaves_me_on_read_on/,1744804939.0
AmItheAsshole,AITA for asking my partner to stay with me during a depressive episode,https://www.reddit.com/r/AmItheAsshole/comments/1k0icmc/aita_for_asking_my_partner_to_stay_with_me_during/,1744803860.0
AmItheAsshole,AITA for lying to my friend and colleague so I wouldn’t have to cover her shift for her?,https://www.reddit.com/r/AmItheAsshole/comments/1k0i89y/aita_for_lying_to_my_friend_and_colleague_so_i/,1744803448.0
AmItheAsshole,"AITA for ""wasting"" my friend's time waiting for me to reply because I went to go visit my deceased mom.",https://www.reddit.com/r/AmItheAsshole/comments/1k0hkf4/aita_for_wasting_my_friends_time_waiting_for_me/,1744801100.0
AmItheAsshole,AITA for going to a wedding without my girlfriend,https://www.reddit.com/r/AmItheAsshole/comments/1k0hi2x/aita_for_going_to_a_wedding_without_my_girlfriend/,1744800857.0
AmItheAsshole,AITAH for backing out of a 'party/get together ' after finding out my 'friends' are planning on buying a lot of the food I cannot eat?,https://www.reddit.com/r/AmItheAsshole/comments/1k0haun/aitah_for_backing_out_of_a_partyget_together/,1744800075.0
AmItheAsshole,AITA for telling my flatmate her boyfriend can’t basically live with us rent-free?,https://www.reddit.com/r/AmItheAsshole/comments/1k0gvnd/aita_for_telling_my_flatmate_her_boyfriend_cant/,1744798398.0
AmItheAsshole,AITA for closing off my “friend”/roommate?,https://www.reddit.com/r/AmItheAsshole/comments/1k0ejfn/aita_for_closing_off_my_friendroommate/,1744788131.0
AmItheAsshole,"AITA for being frustrated that my ""friend"" seems to overshare successes I feel are mainly attributed to his wife or others?",https://www.reddit.com/r/AmItheAsshole/comments/1k0d45v/aita_for_being_frustrated_that_my_friend_seems_to/,1744782167.0
AmItheAsshole,WIBTA if I told my coworker to get a grip on her sneezes?,https://www.reddit.com/r/AmItheAsshole/comments/1k0cr7v/wibta_if_i_told_my_coworker_to_get_a_grip_on_her/,1744780756.0
AmItheAsshole,WIBTA for telling my girlfriend I should be more important than her friends?,https://www.reddit.com/r/AmItheAsshole/comments/1k0ch9e/wibta_for_telling_my_girlfriend_i_should_be_more/,1744779696.0
AmItheAsshole,AITA for suggesting I get my first tattoo with a friend instead of my dad?,https://www.reddit.com/r/AmItheAsshole/comments/1k0cg4r/aita_for_suggesting_i_get_my_first_tattoo_with_a/,1744779594.0
AmItheAsshole,AITA for going to a wedding my partner cannot make?,https://www.reddit.com/r/AmItheAsshole/comments/1k0c5ua/aita_for_going_to_a_wedding_my_partner_cannot_make/,1744778489.0
AmItheAsshole,AITA for wanting compensation after dog-sitting a friend’s anxious dog who caused damage to our home?,https://www.reddit.com/r/AmItheAsshole/comments/1k0c45a/aita_for_wanting_compensation_after_dogsitting_a/,1744778309.0
AmItheAsshole,AITA for yelling at my brother girlfriend?,https://www.reddit.com/r/AmItheAsshole/comments/1k0bz1q/aita_for_yelling_at_my_brother_girlfriend/,1744777772.0
AmItheAsshole,AITA for not listening to my friend when I was personally overwhelmed?,https://www.reddit.com/r/AmItheAsshole/comments/1k0bs8m/aita_for_not_listening_to_my_friend_when_i_was/,1744777090.0
AmItheAsshole,AITA for not letting my boyfriend choose our baby’s name.,https://www.reddit.com/r/AmItheAsshole/comments/1k0b6ip/aita_for_not_letting_my_boyfriend_choose_our/,1744774980.0
AmItheAsshole,AITA? Woke roommate up by flushing the toilet,https://www.reddit.com/r/AmItheAsshole/comments/1k0b3ub/aita_woke_roommate_up_by_flushing_the_toilet/,1744774723.0
AmItheAsshole,AITA for telling my boyfriend to grow up?,https://www.reddit.com/r/AmItheAsshole/comments/1k0aqsk/aita_for_telling_my_boyfriend_to_grow_up/,1744773526.0
AmItheAsshole,AITA for going to dinner with a male friend after a tradeshow?,https://www.reddit.com/r/AmItheAsshole/comments/1k0ah1y/aita_for_going_to_dinner_with_a_male_friend_after/,1744772646.0
AmItheAsshole,AITA for refusing to pay my roommates for cleaning the apartment,https://www.reddit.com/r/AmItheAsshole/comments/1k0a5ea/aita_for_refusing_to_pay_my_roommates_for/,1744771616.0
AmItheAsshole,AITA for being telling my roommate that I’m upset her bf is at the apartment all the time?,https://www.reddit.com/r/AmItheAsshole/comments/1k09f8e/aita_for_being_telling_my_roommate_that_im_upset/,1744769315.0
AmItheAsshole,AITA for yelling at my friends when they call me short?,https://www.reddit.com/r/AmItheAsshole/comments/1k0984f/aita_for_yelling_at_my_friends_when_they_call_me/,1744768706.0
AmItheAsshole,AITA for calling Animal Control on my Neighbor,https://www.reddit.com/r/AmItheAsshole/comments/1k0948c/aita_for_calling_animal_control_on_my_neighbor/,1744768366.0
AmItheAsshole,AITA for getting my friend kicked out of the Minecraft Movie,https://www.reddit.com/r/AmItheAsshole/comments/1k08ore/aita_for_getting_my_friend_kicked_out_of_the/,1744767004.0
AmItheAsshole,AITA for spoiling my best friend's secret wedding plans?,https://www.reddit.com/r/AmItheAsshole/comments/1k08107/aita_for_spoiling_my_best_friends_secret_wedding/,1744764973.0
AmItheAsshole,AITAH- told my brother to inform his girlfriend that someone hit on him,https://www.reddit.com/r/AmItheAsshole/comments/1k07yab/aitah_told_my_brother_to_inform_his_girlfriend/,1744764732.0
AmItheAsshole,AITA for not ignoring what my friend's bf told me?,https://www.reddit.com/r/AmItheAsshole/comments/1k07dx1/aita_for_not_ignoring_what_my_friends_bf_told_me/,1744762997.0
AmItheAsshole,AITA for hanging out with someone my friend dislikes?,https://www.reddit.com/r/AmItheAsshole/comments/1k07acr/aita_for_hanging_out_with_someone_my_friend/,1744762693.0
AmItheAsshole,"AITA for confronting my best friends wife, a week after their marriage?",https://www.reddit.com/r/AmItheAsshole/comments/1k077rb/aita_for_confronting_my_best_friends_wife_a_week/,1744762472.0
AmItheAsshole,AITA For Asking to Keep my Roommates Cat,https://www.reddit.com/r/AmItheAsshole/comments/1k06g3y/aita_for_asking_to_keep_my_roommates_cat/,1744760239.0
AmItheAsshole,"AITA, me and my friends girls are mad at us, but we havent done anything.",https://www.reddit.com/r/AmItheAsshole/comments/1k056v6/aita_me_and_my_friends_girls_are_mad_at_us_but_we/,1744756704.0
AmItheAsshole,AITA for correcting my coworker?,https://www.reddit.com/r/AmItheAsshole/comments/1k04fr1/aita_for_correcting_my_coworker/,1744754655.0
AmItheAsshole,"AITA for not updating my friend sooner about moving, which made him leave without a word?",https://www.reddit.com/r/AmItheAsshole/comments/1k03lqx/aita_for_not_updating_my_friend_sooner_about/,1744752459.0
AmItheAsshole,AITA for wanting my friends to stop sending me baby pictures during my IVF journey?,https://www.reddit.com/r/AmItheAsshole/comments/1k034oq/aita_for_wanting_my_friends_to_stop_sending_me/,1744751240.0
AmItheAsshole,AITA for not going to a friend's mom's memorial?,https://www.reddit.com/r/AmItheAsshole/comments/1k02ynj/aita_for_not_going_to_a_friends_moms_memorial/,1744750824.0
AmItheAsshole,AITA- Told My Roommate I Don’t Want Random People in our Apartment,https://www.reddit.com/r/AmItheAsshole/comments/1k02nl7/aita_told_my_roommate_i_dont_want_random_people/,1744750048.0
AmItheAsshole,AITA for supporting kicking out our temporary roommate because of what her parents did?,https://www.reddit.com/r/AmItheAsshole/comments/1k02mi9/aita_for_supporting_kicking_out_our_temporary/,1744749971.0
AmItheAsshole,AITA: friends told me I was “difficult” to be around after my sibling died?,https://www.reddit.com/r/AmItheAsshole/comments/1k02a6s/aita_friends_told_me_i_was_difficult_to_be_around/,1744749098.0
AmItheAsshole,AITA for telling my friend i don’t like her girlfriend and i don’t support the relationship anymore,https://www.reddit.com/r/AmItheAsshole/comments/1k00f1t/aita_for_telling_my_friend_i_dont_like_her/,1744744502.0
AmItheAsshole,AITA I keep dodging my friend because she says my dads death was preventable,https://www.reddit.com/r/AmItheAsshole/comments/1k006e7/aita_i_keep_dodging_my_friend_because_she_says_my/,1744743911.0
AmItheAsshole,AITA - 16 YEAR old nephew playing evil apples card games,https://www.reddit.com/r/AmItheAsshole/comments/1jzzvyd/aita_16_year_old_nephew_playing_evil_apples_card/,1744743231.0
AmItheAsshole,WIBTA if I asked my friend to pay her share of our hotel room cost,https://www.reddit.com/r/AmItheAsshole/comments/1jzz31i/wibta_if_i_asked_my_friend_to_pay_her_share_of/,1744741292.0
AmItheAsshole,WIBTA if I didn't let my (26) friend (26) use my car after my brother (21) stole it and wrecked it.,https://www.reddit.com/r/AmItheAsshole/comments/1jzysur/wibta_if_i_didnt_let_my_26_friend_26_use_my_car/,1744740610.0
AmItheAsshole,AITA for telling my friend she can’t go to my birthday party after inviting her?,https://www.reddit.com/r/AmItheAsshole/comments/1jzybs8/aita_for_telling_my_friend_she_cant_go_to_my/,1744739494.0
AmItheAsshole,AITA for yelling at my friend,https://www.reddit.com/r/AmItheAsshole/comments/1jzxv7t/aita_for_yelling_at_my_friend/,1744738374.0
AmItheAsshole,AITA for hugging a friend?,https://www.reddit.com/r/AmItheAsshole/comments/1jzx07x/aita_for_hugging_a_friend/,1744736324.0
AmItheAsshole,AITA for not being totally honest to my friends in regards to my university course?,https://www.reddit.com/r/AmItheAsshole/comments/1jzwqeh/aita_for_not_being_totally_honest_to_my_friends/,1744735649.0
AmItheAsshole,AITA For pulling out of going to a friends leaving do?,https://www.reddit.com/r/AmItheAsshole/comments/1jzw10m/aita_for_pulling_out_of_going_to_a_friends/,1744733949.0
AITAH,AITAH for exposing my friend to her parents if i didn’t know it was gonna go this far?,https://www.reddit.com/r/AITAH/comments/1k0jang/aitah_for_exposing_my_friend_to_her_parents_if_i/,1744806834.0
AITAH,AITAH for getting mad my best friend got with someone I had history with? (and will now have a family),https://www.reddit.com/r/AITAH/comments/1k0j7la/aitah_for_getting_mad_my_best_friend_got_with/,1744806582.0
AITAH,AITAH for ruining my husband's life,https://www.reddit.com/r/AITAH/comments/1k0j3b1/aitah_for_ruining_my_husbands_life/,1744806206.0
AITAH,AITA or controlling as my partner says?,https://www.reddit.com/r/AITAH/comments/1k0j357/aita_or_controlling_as_my_partner_says/,1744806191.0
AITAH,You're poisoning my life. So I'll slowly destroy yours...,https://www.reddit.com/r/AITAH/comments/1k0izyj/youre_poisoning_my_life_so_ill_slowly_destroy/,1744805921.0
AITAH,AITA for feeling unsure about my (24F) new boyfriend (26M),https://www.reddit.com/r/AITAH/comments/1k0iwrm/aita_for_feeling_unsure_about_my_24f_new/,1744805653.0
AITAH,AITA for flirting with my coworker even though he has a girlfriend?,https://www.reddit.com/r/AITAH/comments/1k0itri/aita_for_flirting_with_my_coworker_even_though_he/,1744805390.0
AITAH,Aitah for telling my ex boyfriend that if his wife doesn't want him talking to me he needs to leave my discord group chat with my family?,https://www.reddit.com/r/AITAH/comments/1k0itmq/aitah_for_telling_my_ex_boyfriend_that_if_his/,1744805377.0
AITAH,AITAH for leaving my husband over a youtube video? He keeps going on reddit to shit about me.,https://www.reddit.com/r/AITAH/comments/1k0itjr/aitah_for_leaving_my_husband_over_a_youtube_video/,1744805369.0
AITAH,AITAH for starting to talk to the guy my best friend liked?,https://www.reddit.com/r/AITAH/comments/1k0imc5/aitah_for_starting_to_talk_to_the_guy_my_best/,1744804749.0
AITAH,AITA for leaving an obese person my friend dumped on me at a concert?,https://www.reddit.com/r/AITAH/comments/1k0ikh4/aita_for_leaving_an_obese_person_my_friend_dumped/,1744804583.0
AITAH,AITAH for cutting off my ex friend?,https://www.reddit.com/r/AITAH/comments/1k0ieuu/aitah_for_cutting_off_my_ex_friend/,1744804062.0
AITAH,AITA For Telling my (29F) girlfriend to stop causing arguments.,https://www.reddit.com/r/AITAH/comments/1k0i6hv/aita_for_telling_my_29f_girlfriend_to_stop/,1744803276.0
AITAH,AITAH for blocking my boyfriend on every platform and threatening to break up?,https://www.reddit.com/r/AITAH/comments/1k0i62m/aitah_for_blocking_my_boyfriend_on_every_platform/,1744803233.0
AITAH,AITA for telling my ex's wife that she will never see a penny from me and to stop asking my son for money?,https://www.reddit.com/r/AITAH/comments/1k0i4k1/aita_for_telling_my_exs_wife_that_she_will_never/,1744803077.0
AITAH,AITAH if i dont want to help my boyfriend become a better person anymore?,https://www.reddit.com/r/AITAH/comments/1k0i3ac/aitah_if_i_dont_want_to_help_my_boyfriend_become/,1744802962.0
AITAH,My boyfriend said I have ‘beef curtains.’ AITAH for getting upset?,https://www.reddit.com/r/AITAH/comments/1k0i1cp/my_boyfriend_said_i_have_beef_curtains_aitah_for/,1744802769.0
AITAH,AITAH for letting my son watch what he wants? Now I am getting a divorce.,https://www.reddit.com/r/AITAH/comments/1k0i0wt/aitah_for_letting_my_son_watch_what_he_wants_now/,1744802727.0
AITAH,AITA for making my friend break up with his bf?,https://www.reddit.com/r/AITAH/comments/1k0hvut/aita_for_making_my_friend_break_up_with_his_bf/,1744802225.0
AITAH,aitah for sabotaging my friend's career for the sake of my own?,https://www.reddit.com/r/AITAH/comments/1k0hsab/aitah_for_sabotaging_my_friends_career_for_the/,1744801868.0
AITAH,aitah for interrupting my friend’s wedding proposal?,https://www.reddit.com/r/AITAH/comments/1k0hpiq/aitah_for_interrupting_my_friends_wedding_proposal/,1744801585.0
AITAH,AITA for sleeping with my best friend when we were both drunk?,https://www.reddit.com/r/AITAH/comments/1k0ho6d/aita_for_sleeping_with_my_best_friend_when_we/,1744801448.0
AITAH,WIBTA If I told my ex that I am not willing to pay half of our son's college tuition?,https://www.reddit.com/r/AITAH/comments/1k0hibq/wibta_if_i_told_my_ex_that_i_am_not_willing_to/,1744800884.0
AITAH,aitah for throwing out my roommate’s “baby” while she was at work?,https://www.reddit.com/r/AITAH/comments/1k0hhfn/aitah_for_throwing_out_my_roommates_baby_while/,1744800786.0
AITAH,AITAH for pushing my friends away when my dad died,https://www.reddit.com/r/AITAH/comments/1k0h451/aitah_for_pushing_my_friends_away_when_my_dad_died/,1744799350.0
AITAH,AITAH for not letting my daughter go on vacation with her friends,https://www.reddit.com/r/AITAH/comments/1k0h2e2/aitah_for_not_letting_my_daughter_go_on_vacation/,1744799155.0
AITAH,My (23F) best friend (23F) hid a major job opportunity from me as “revenge” and I don’t know how to feel,https://www.reddit.com/r/AITAH/comments/1k0guhx/my_23f_best_friend_23f_hid_a_major_job/,1744798261.0
AITAH,AITA for telling my girlfriend to be skinny again?,https://www.reddit.com/r/AITAH/comments/1k0gk2n/aita_for_telling_my_girlfriend_to_be_skinny_again/,1744797088.0
AITAH,AITA for telling my girlfriend it’s her fault her former boss tried to make a move on her?,https://www.reddit.com/r/AITAH/comments/1k0geco/aita_for_telling_my_girlfriend_its_her_fault_her/,1744796401.0
AITAH,AITAH for being upset because my girlfriend went to a museum with her brother?,https://www.reddit.com/r/AITAH/comments/1k0ge84/aitah_for_being_upset_because_my_girlfriend_went/,1744796388.0
AITAH,AITAH for telling me gf that I will break up with her if she visits her guy best friend,https://www.reddit.com/r/AITAH/comments/1k0gd6p/aitah_for_telling_me_gf_that_i_will_break_up_with/,1744796265.0
AITAH,"AITA for demanding my boyfriends mistress' bracelet ""back"" so we can throw it away",https://www.reddit.com/r/AITAH/comments/1k0g80l/aita_for_demanding_my_boyfriends_mistress/,1744795645.0
AITAH,AITA for getting a tattoo from the same artist/placement as my roommate?,https://www.reddit.com/r/AITAH/comments/1k0g16x/aita_for_getting_a_tattoo_from_the_same/,1744794805.0
AITAH,WIBTA If I reached out to my friend’s friend behind his back?,https://www.reddit.com/r/AITAH/comments/1k0g0kq/wibta_if_i_reached_out_to_my_friends_friend/,1744794733.0
AITAH,How do I handle a situation where my boyfriend of 5 years is delaying our marriage because his elder sister( 30) is not able to find a suitor? he wants me to understand and wait,https://www.reddit.com/r/AITAH/comments/1k0fst8/how_do_i_handle_a_situation_where_my_boyfriend_of/,1744793807.0
AITAH,AlTA for kicking my roommate out after he threw away my childhood stuffed animal?,https://www.reddit.com/r/AITAH/comments/1k0fq47/alta_for_kicking_my_roommate_out_after_he_threw/,1744793471.0
AITAH,Aita towards my brother,https://www.reddit.com/r/AITAH/comments/1k0fnxv/aita_towards_my_brother/,1744793189.0
AITAH,AITA for telling my boyfriend's mom that I’m not “his little project” after she kept making weird comments?,https://www.reddit.com/r/AITAH/comments/1k0ffjk/aita_for_telling_my_boyfriends_mom_that_im_not/,1744792116.0
AITAH,AITAH for choosing to hang out with my boyfriend instead of my friends?,https://www.reddit.com/r/AITAH/comments/1k0f7y8/aitah_for_choosing_to_hang_out_with_my_boyfriend/,1744791154.0
AITAH,AITAH is this a friend?,https://www.reddit.com/r/AITAH/comments/1k0f5dw/aitah_is_this_a_friend/,1744790822.0
AITAH,AITAH is this how friends are? Part 1,https://www.reddit.com/r/AITAH/comments/1k0f4x9/aitah_is_this_how_friends_are_part_1/,1744790764.0
AITAH,WIBTA if I confronted my DM for trying to ghost me out of our dnd group because I don’t want to meta game to appease his girlfriend anymore?,https://www.reddit.com/r/AITAH/comments/1k0f4cs/wibta_if_i_confronted_my_dm_for_trying_to_ghost/,1744790696.0
AITAH,AITA for hiding my socks from my husband?,https://www.reddit.com/r/AITAH/comments/1k0f197/aita_for_hiding_my_socks_from_my_husband/,1744790331.0
AITAH,AITAH for wanting to move out after my friend abandoned me while I was extremely  intoxicated,https://www.reddit.com/r/AITAH/comments/1k0exq3/aitah_for_wanting_to_move_out_after_my_friend/,1744789881.0
AITAH,AITAH for kicking my friend out of my place?,https://www.reddit.com/r/AITAH/comments/1k0ew2m/aitah_for_kicking_my_friend_out_of_my_place/,1744789675.0
AITAH,AITA for telling my mom I can't make my baby suffer the way she and dad made my brother suffer?,https://www.reddit.com/r/AITAH/comments/1k0etfi/aita_for_telling_my_mom_i_cant_make_my_baby/,1744789354.0
AITAH,AITAH for sending the kids to their dad after my partner had yet another fit of rage? I need help,https://www.reddit.com/r/AITAH/comments/1k0esag/aitah_for_sending_the_kids_to_their_dad_after_my/,1744789216.0
AITAH,Friend dropped me for being with someone she used to like? AITAH???,https://www.reddit.com/r/AITAH/comments/1k0eilb/friend_dropped_me_for_being_with_someone_she_used/,1744788031.0
AITAH,AITA for being nervous of my brothers success after I've been in the spotlight?,https://www.reddit.com/r/AITAH/comments/1k0egqd/aita_for_being_nervous_of_my_brothers_success/,1744787808.0
AITAH,AITAH for telling my sister's boyfriend she cheated on him?,https://www.reddit.com/r/AITAH/comments/1k0ediz/aitah_for_telling_my_sisters_boyfriend_she/,1744787424.0
advice,How can I Help when I'm not in contact with person anymore?,https://www.reddit.com/r/Advice/comments/1k0izp7/how_can_i_help_when_im_not_in_contact_with_person/,1744805898.0
advice,I'm 18. My parents are kicking me out of the house because I don't want to do what they want(career). I live in a third world country where part time jobs are not student friendly and have also tried online ways to earn money but it's either scam or not enough to pay rent($100-$150). What do I do?,https://www.reddit.com/r/Advice/comments/1k0iw7s/im_18_my_parents_are_kicking_me_out_of_the_house/,1744805604.0
advice,"Friend(29f) is holding concert tickets I(25m) paid every cent for, she promised she would pay me back and never did. She’s now ghosted me from an argument and has the tickets.",https://www.reddit.com/r/Advice/comments/1k0ivx0/friend29f_is_holding_concert_tickets_i25m_paid/,1744805577.0
advice,I love my work but my husband  thinks I’m neglecting him,https://www.reddit.com/r/Advice/comments/1k0ijv1/i_love_my_work_but_my_husband_thinks_im/,1744804527.0
advice,Should your partner’s past bother you?,https://www.reddit.com/r/Advice/comments/1k0i8y0/should_your_partners_past_bother_you/,1744803511.0
advice,"My brother is getting bullied for acting “too feminine”, I’m scared to lose him, what should I do?",https://www.reddit.com/r/Advice/comments/1k0i6u6/my_brother_is_getting_bullied_for_acting_too/,1744803309.0
advice,My girlfriend's ex went to her home to get something.,https://www.reddit.com/r/Advice/comments/1k0i2qr/my_girlfriends_ex_went_to_her_home_to_get/,1744802905.0
advice,Relationship advice. 37m asking for a 43f girlfriend,https://www.reddit.com/r/Advice/comments/1k0hkpe/relationship_advice_37m_asking_for_a_43f/,1744801130.0
advice,Found out my brother was sexting our youngest cousin and we are from traditional Indian family don’t know how to react?,https://www.reddit.com/r/Advice/comments/1k0hjfi/found_out_my_brother_was_sexting_our_youngest/,1744800997.0
advice,My friend is going through some tough times in work and life in general...,https://www.reddit.com/r/Advice/comments/1k0hi5u/my_friend_is_going_through_some_tough_times_in/,1744800866.0
advice,My friends depression is annoying me.,https://www.reddit.com/r/Advice/comments/1k0hcci/my_friends_depression_is_annoying_me/,1744800237.0
advice,Feel disconnected from my boyfriend struggling with a medical issue,https://www.reddit.com/r/Advice/comments/1k0h9z0/feel_disconnected_from_my_boyfriend_struggling/,1744799983.0
advice,My brother doesn’t want me to take my dream job…,https://www.reddit.com/r/Advice/comments/1k0h8hd/my_brother_doesnt_want_me_to_take_my_dream_job/,1744799811.0
advice,Boyfriend still follows ex girlfriend even though I told him it was my strict boundary not to do do,https://www.reddit.com/r/Advice/comments/1k0h6zb/boyfriend_still_follows_ex_girlfriend_even_though/,1744799649.0
advice,How to handle a friend at work?,https://www.reddit.com/r/Advice/comments/1k0h0r1/how_to_handle_a_friend_at_work/,1744798972.0
advice,My dad is bringing home a girlfriend with two young kids 6 months after his second divorce… am I being selfish for not accepting them?,https://www.reddit.com/r/Advice/comments/1k0gv1t/my_dad_is_bringing_home_a_girlfriend_with_two/,1744798326.0
advice,"Girlfriend sad because she has nobody to go to a concert with her, and I can’t make it",https://www.reddit.com/r/Advice/comments/1k0gu3z/girlfriend_sad_because_she_has_nobody_to_go_to_a/,1744798215.0
advice,My Best Friend Is Settling in a Toxic Relationship and I Feel Helpless,https://www.reddit.com/r/Advice/comments/1k0gklt/my_best_friend_is_settling_in_a_toxic/,1744797150.0
AITA_Relationships,AITA for being bothered at my bf’s sister inviting her single roommate on our double date?,https://www.reddit.com/r/AITA_Relationships/comments/1k0a79e/aita_for_being_bothered_at_my_bfs_sister_inviting/,1744771782.0
AITA_Relationships,AITA for breaking up with my emotionally controlling boyfriend even though we still live together until June?,https://www.reddit.com/r/AITA_Relationships/comments/1k08n8o/aita_for_breaking_up_with_my_emotionally/,1744766879.0
AITA_Relationships,AITA for moving on from my ex-boyfriend even though he told me too.,https://www.reddit.com/r/AITA_Relationships/comments/1k06vn2/aita_for_moving_on_from_my_exboyfriend_even/,1744761488.0
AITA_Relationships,AITA- for leaving my boyfriend,https://www.reddit.com/r/AITA_Relationships/comments/1k05k0l/aita_for_leaving_my_boyfriend/,1744757715.0
AITA_Relationships,AITA for ending things with my boyfriend?,https://www.reddit.com/r/AITA_Relationships/comments/1k04qil/aita_for_ending_things_with_my_boyfriend/,1744755457.0
AITA_Relationships,AITA for lying to my boyfriend about my health?,https://www.reddit.com/r/AITA_Relationships/comments/1jzz2fc/aita_for_lying_to_my_boyfriend_about_my_health/,1744741252.0
AITA_Relationships,AITA My (30m) boyfriend broke up with me (26m). Thoughts on the situation?,https://www.reddit.com/r/AITA_Relationships/comments/1jzy5zs/aita_my_30m_boyfriend_broke_up_with_me_26m/,1744739099.0
AITA_Relationships,AITA for being mad that my boyfriend interacted with someone we fought about in the past?,https://www.reddit.com/r/AITA_Relationships/comments/1jzte3c/aita_for_being_mad_that_my_boyfriend_interacted/,1744727588.0
AITA_Relationships,AITA For being happy that my ex best friend is miserable,https://www.reddit.com/r/AITA_Relationships/comments/1jzrpd3/aita_for_being_happy_that_my_ex_best_friend_is/,1744723193.0
AITA_Relationships,AITA? Partner refuses to offer me what I need (emotional reassurance) when I’m feeling sensitive and hormonal,https://www.reddit.com/r/AITA_Relationships/comments/1jzrll4/aita_partner_refuses_to_offer_me_what_i_need/,1744722902.0
AITA_Relationships,"AITA for distancing myself (23F) from my friend (21F) after a trip where I felt overwhelmed by her behaviour and ""mental health issues""?",https://www.reddit.com/r/AITA_Relationships/comments/1jzpwaw/aita_for_distancing_myself_23f_from_my_friend_21f/,1744717904.0
AITA_Relationships,AITA for breaking up with my girlfriend?,https://www.reddit.com/r/AITA_Relationships/comments/1jznnoj/aita_for_breaking_up_with_my_girlfriend/,1744709610.0
AITA_Relationships,WIBTA for breaking up with my partner before their birthday which is this weekend?,https://www.reddit.com/r/AITA_Relationships/comments/1jzi8xf/wibta_for_breaking_up_with_my_partner_before/,1744688329.0
AITA_Relationships,AITA for worrying about my friend suicidal past?,https://www.reddit.com/r/AITA_Relationships/comments/1jzhpau/aita_for_worrying_about_my_friend_suicidal_past/,1744686584.0
AITA_Relationships,AITA for just now texting back my friend?,https://www.reddit.com/r/AITA_Relationships/comments/1jzh535/aita_for_just_now_texting_back_my_friend/,1744684843.0
AITA_Relationships,WIBTA for ending things with a girl for petty reasons,https://www.reddit.com/r/AITA_Relationships/comments/1jzghth/wibta_for_ending_things_with_a_girl_for_petty/,1744682868.0
AITA_Relationships,AITA for breaking up a friendship over a guy?,https://www.reddit.com/r/AITA_Relationships/comments/1jzdvnl/aita_for_breaking_up_a_friendship_over_a_guy/,1744675148.0
AITA_Relationships,"AITA - My (45 F), husband  (47M) isn’t happy with our sex life and I don’t know how to fix it.",https://www.reddit.com/r/AITA_Relationships/comments/1jzdabi/aita_my_45_f_husband_47m_isnt_happy_with_our_sex/,1744673439.0
AITA_Relationships,AITA for being sad that my husband didn’t put any effort into researching my engagement ring,https://www.reddit.com/r/AITA_Relationships/comments/1jz342b/aita_for_being_sad_that_my_husband_didnt_put_any/,1744648019.0
AITA_Relationships,AITA For Getting Upset After My Boyfriend Said He Wants Validation From Other People?,https://www.reddit.com/r/AITA_Relationships/comments/1jz1j1x/aita_for_getting_upset_after_my_boyfriend_said_he/,1744644141.0
AITA_Relationships,AITA for wanting to leave my boyfriend over adult content,https://www.reddit.com/r/AITA_Relationships/comments/1jz11bf/aita_for_wanting_to_leave_my_boyfriend_over_adult/,1744642928.0
AITA_Relationships,AITA for considering ditching family to go to a concert with my girlfriend?,https://www.reddit.com/r/AITA_Relationships/comments/1jz05rx/aita_for_considering_ditching_family_to_go_to_a/,1744640749.0
AITA_Relationships,AITAH for telling my husband to block an ex co-worker he was flirty with,https://www.reddit.com/r/AITA_Relationships/comments/1jyznty/aitah_for_telling_my_husband_to_block_an_ex/,1744639455.0
AITA_Relationships,AITA for looking into my boyfriends call log through T-Mobile,https://www.reddit.com/r/AITA_Relationships/comments/1jyz63k/aita_for_looking_into_my_boyfriends_call_log/,1744638120.0
AITA_Relationships,AITA for judging my partner (28M) over his emotional attachment to AI?,https://www.reddit.com/r/AITA_Relationships/comments/1jyrau8/aita_for_judging_my_partner_28m_over_his/,1744608065.0
AITA_Relationships,AITA for exposing my friend to her boyfriend after she bragged about hooking up with the guy she knew I liked?,https://www.reddit.com/r/AITA_Relationships/comments/1jyp5vw/aita_for_exposing_my_friend_to_her_boyfriend/,1744600203.0
AITA_Relationships,AITA for going no contact with my brother over a racist joke he made a year ago?,https://www.reddit.com/r/AITA_Relationships/comments/1jyminz/aita_for_going_no_contact_with_my_brother_over_a/,1744591492.0
AITA_Relationships,AITA for telling my partner that I feel objectified.,https://www.reddit.com/r/AITA_Relationships/comments/1jyltzi/aita_for_telling_my_partner_that_i_feel/,1744589317.0
AITA_Relationships,AITA for refusing to let my nephew spend time with my kids anymore?,https://www.reddit.com/r/AITA_Relationships/comments/1jyhwtk/aita_for_refusing_to_let_my_nephew_spend_time/,1744577989.0
AITA_Relationships,AITA to dump my best friend?,https://www.reddit.com/r/AITA_Relationships/comments/1jyh7gp/aita_to_dump_my_best_friend/,1744576112.0
AITA_Relationships,AITA for asking my friend to be my valentine as a joke?,https://www.reddit.com/r/AITA_Relationships/comments/1jyehty/aita_for_asking_my_friend_to_be_my_valentine_as_a/,1744569105.0
AITA_Relationships,AITA for accepting that I am not enough for my Girlfriend and breaking up with her? So I broke up with my girlfriend/fiance. My reason was...,https://www.reddit.com/r/AITA_Relationships/comments/1jycume/aita_for_accepting_that_i_am_not_enough_for_my/,1744564913.0
AITA_Relationships,AITA for wanting to break up with my girlfriend after she threw away my sandwich,https://www.reddit.com/r/AITA_Relationships/comments/1jybda8/aita_for_wanting_to_break_up_with_my_girlfriend/,1744561105.0
AITA_Relationships,AITA for wanting to break up with my boyfriend for sharing details of our couples counseling sessions with his friends?,https://www.reddit.com/r/AITA_Relationships/comments/1jy9fzg/aita_for_wanting_to_break_up_with_my_boyfriend/,1744555981.0
AITA_Relationships,AITA for rethinking my friendship with my best friend because of rumors?,https://www.reddit.com/r/AITA_Relationships/comments/1jy5coc/aita_for_rethinking_my_friendship_with_my_best/,1744542939.0
AITA_Relationships,AITA?? My partner (F35) chooses family over me (F27). Am I overreacting?,https://www.reddit.com/r/AITA_Relationships/comments/1jy5af4/aita_my_partner_f35_chooses_family_over_me_f27_am/,1744542694.0
AITA_Relationships,AITA If I Ask My Husband For His Secret Phone?,https://www.reddit.com/r/AITA_Relationships/comments/1jxzuof/aita_if_i_ask_my_husband_for_his_secret_phone/,1744519572.0
AITA_Relationships,AITAH for want to give my husband a grilling for leaving my 5yr at home whilst he goes shopping,https://www.reddit.com/r/AITA_Relationships/comments/1jxzaw1/aitah_for_want_to_give_my_husband_a_grilling_for/,1744517448.0
AITA_Relationships,WIBTA if I broke up with my partner for being overly emotional/clingy?,https://www.reddit.com/r/AITA_Relationships/comments/1jxy3f4/wibta_if_i_broke_up_with_my_partner_for_being/,1744513074.0
AITA_Relationships,AITA for being upset over being completely left out by my boyfriend on plans?,https://www.reddit.com/r/AITA_Relationships/comments/1jxxigx/aita_for_being_upset_over_being_completely_left/,1744511035.0
AITA_Relationships,"AITA for getting upset that my boyfriend told me to ""be a mom"" when he was struggling with our 18 month old daughter acting wild at the restaurant tonight?",https://www.reddit.com/r/AITA_Relationships/comments/1jxwdn8/aita_for_getting_upset_that_my_boyfriend_told_me/,1744507157.0
AITA_Relationships,AITA for breaking up with my girlfriend because I accused her of stealing my money?,https://www.reddit.com/r/AITA_Relationships/comments/1jxuoxv/aita_for_breaking_up_with_my_girlfriend_because_i/,1744501643.0
AITA_Relationships,AITA my husband subscribes to onlyfans,https://www.reddit.com/r/AITA_Relationships/comments/1jxspxk/aita_my_husband_subscribes_to_onlyfans/,1744495670.0
AITA_Relationships,AITA for dating my best friend's brother?,https://www.reddit.com/r/AITA_Relationships/comments/1jxq38f/aita_for_dating_my_best_friends_brother/,1744488285.0
AITA_Relationships,AITA my boyfriend jerks off to old girlfriend,https://www.reddit.com/r/AITA_Relationships/comments/1jxpjin/aita_my_boyfriend_jerks_off_to_old_girlfriend/,1744486778.0
AITA_Relationships,AITA for wanting to know why my girlfriend is at the club so much lately,https://www.reddit.com/r/AITA_Relationships/comments/1jxphhr/aita_for_wanting_to_know_why_my_girlfriend_is_at/,1744486628.0
AmIOverreacting,AIO to my friend un-inviting me from prom a week before it happened?,https://www.reddit.com/r/AmIOverreacting/comments/1k0ibm2/aio_to_my_friend_uninviting_me_from_prom_a_week/,1744803762.0
AmIOverreacting,AIO for asking my partner for their phone,https://www.reddit.com/r/AmIOverreacting/comments/1k0iazm/aio_for_asking_my_partner_for_their_phone/,1744803703.0
AmIOverreacting,AIO to best friend and my sister dating behind my back?,https://www.reddit.com/r/AmIOverreacting/comments/1k0hsac/aio_to_best_friend_and_my_sister_dating_behind_my/,1744801868.0
AmIOverreacting,AIO for asking my roommate to stop communicating with the neighborhood crows?,https://www.reddit.com/r/AmIOverreacting/comments/1k0hi5z/aio_for_asking_my_roommate_to_stop_communicating/,1744800867.0
AmIOverreacting,AIO- for being upset that my boyfriend (36) wants to go to a 'KitKat'-style techno party?,https://www.reddit.com/r/AmIOverreacting/comments/1k0hccr/aio_for_being_upset_that_my_boyfriend_36_wants_to/,1744800238.0
AmIOverreacting,AIO about my husband’s relationship with my mum?,https://www.reddit.com/r/AmIOverreacting/comments/1k0han7/aio_about_my_husbands_relationship_with_my_mum/,1744800054.0
AmIOverreacting,"AIO to my husband saying ‘it’s not important, while I think it is’",https://www.reddit.com/r/AmIOverreacting/comments/1k0h4im/aio_to_my_husband_saying_its_not_important_while/,1744799390.0
AmIOverreacting,AIO for wanting my roommate to stop trauma-dumping on me every day?,https://www.reddit.com/r/AmIOverreacting/comments/1k0g80e/aio_for_wanting_my_roommate_to_stop_traumadumping/,1744795644.0
AmIOverreacting,AIO to the fact that my (F27) boyfriend (M28) brushed off my concern that his FB profile shows 'single' status and a phone number,https://www.reddit.com/r/AmIOverreacting/comments/1k0g508/aio_to_the_fact_that_my_f27_boyfriend_m28_brushed/,1744795274.0
AmIOverreacting,AIO for feeling weird about my boyfriend hiding our relationship online?,https://www.reddit.com/r/AmIOverreacting/comments/1k0fw5w/aio_for_feeling_weird_about_my_boyfriend_hiding/,1744794194.0
AmIOverreacting,AIO. Is this 10 months relationship ruined between Me (19F) and my (ex) boyfriend (23M)?,https://www.reddit.com/r/AmIOverreacting/comments/1k0fq4v/aio_is_this_10_months_relationship_ruined_between/,1744793473.0
AmIOverreacting,My partner said ‘you’re too sensitive’ when I told them they hurt my feelings. Am I overreacting?,https://www.reddit.com/r/AmIOverreacting/comments/1k0fajv/my_partner_said_youre_too_sensitive_when_i_told/,1744791491.0
AmIOverreacting,AIO about my girlfriend’s abomination of a McDonalds order?,https://www.reddit.com/r/AmIOverreacting/comments/1k0ewsk/aio_about_my_girlfriends_abomination_of_a/,1744789763.0
AmIOverreacting,AIO For getting upset that my boyfriend left bed at 2:30AM to go fishing?,https://www.reddit.com/r/AmIOverreacting/comments/1k0ewfk/aio_for_getting_upset_that_my_boyfriend_left_bed/,1744789717.0
AmIOverreacting,Am i overreacting over ending this friendship ?,https://www.reddit.com/r/AmIOverreacting/comments/1k0emnt/am_i_overreacting_over_ending_this_friendship/,1744788513.0
AmIOverreacting,AIO? my friend is mad at me for trying to find out why this guy she likes is posting certain things that are obviously trying to hurt her feelings.,https://www.reddit.com/r/AmIOverreacting/comments/1k0eiqx/aio_my_friend_is_mad_at_me_for_trying_to_find_out/,1744788051.0
AmIOverreacting,AIO for getting mad at my boyfriend for being too close with a female friend?,https://www.reddit.com/r/AmIOverreacting/comments/1k0e8sz/aio_for_getting_mad_at_my_boyfriend_for_being_too/,1744786868.0
AmIOverreacting,AIO-my boyfriend cares too much about his female tenant,https://www.reddit.com/r/AmIOverreacting/comments/1k0e6d3/aiomy_boyfriend_cares_too_much_about_his_female/,1744786587.0
AmIOverreacting,Am I overreacting for ubering home after my boyfriends dads “joke”?,https://www.reddit.com/r/AmIOverreacting/comments/1k0e4i9/am_i_overreacting_for_ubering_home_after_my/,1744786354.0
AmIOverreacting,AIO to my husband's secrets,https://www.reddit.com/r/AmIOverreacting/comments/1k0dsvy/aio_to_my_husbands_secrets/,1744784973.0
AmIOverreacting,AIO for being upset that my best friend of 6 years didn’t tell me they got engaged?,https://www.reddit.com/r/AmIOverreacting/comments/1k0drwj/aio_for_being_upset_that_my_best_friend_of_6/,1744784851.0
AmIOverreacting,AIO feeling like my girlfriend is guilting me into coming over,https://www.reddit.com/r/AmIOverreacting/comments/1k0dm9r/aio_feeling_like_my_girlfriend_is_guilting_me/,1744784196.0
AmIOverreacting,AIO or is my friend a little fake and seriously boy obsessed?,https://www.reddit.com/r/AmIOverreacting/comments/1k0dgek/aio_or_is_my_friend_a_little_fake_and_seriously/,1744783511.0
AmIOverreacting,AIO for wanting my boyfriends mom to stop using my cookware?,https://www.reddit.com/r/AmIOverreacting/comments/1k0df8v/aio_for_wanting_my_boyfriends_mom_to_stop_using/,1744783382.0
AmIOverreacting,AIO about being upset at my friend for his ableist behavior near me?,https://www.reddit.com/r/AmIOverreacting/comments/1k0ddzn/aio_about_being_upset_at_my_friend_for_his/,1744783249.0
AmIOverreacting,Am I overreacting or is this friendship just not the same anymore?,https://www.reddit.com/r/AmIOverreacting/comments/1k0d9xo/am_i_overreacting_or_is_this_friendship_just_not/,1744782798.0
AmIOverreacting,AIO when im not letting my girlfriend go to clubs anymore??,https://www.reddit.com/r/AmIOverreacting/comments/1k0d9u1/aio_when_im_not_letting_my_girlfriend_go_to_clubs/,1744782786.0
AmIOverreacting,Am I overreacting For no contact - Ex-Husband GPS'd Car - Mom and Cousin knew,https://www.reddit.com/r/AmIOverreacting/comments/1k0cxhw/am_i_overreacting_for_no_contact_exhusband_gpsd/,1744781436.0
AmIOverreacting,AIO for seeing my boyfriend follow girls and lying about it?,https://www.reddit.com/r/AmIOverreacting/comments/1k0clsd/aio_for_seeing_my_boyfriend_follow_girls_and/,1744780178.0
AmIOverreacting,AIO to my girlfriend reaction after first time having sex,https://www.reddit.com/r/AmIOverreacting/comments/1k0ckzi/aio_to_my_girlfriend_reaction_after_first_time/,1744780093.0
AmIOverreacting,AIO I broke up with my boyfriend over a kink,https://www.reddit.com/r/AmIOverreacting/comments/1k0cf61/aio_i_broke_up_with_my_boyfriend_over_a_kink/,1744779490.0
AmIOverreacting,AIO to feeling nitpicked/frustrated by best friend,https://www.reddit.com/r/AmIOverreacting/comments/1k0cdmv/aio_to_feeling_nitpickedfrustrated_by_best_friend/,1744779326.0
AmIOverreacting,AIO wife has gotten very cozy with a male friend who recently kissed/flashed her,https://www.reddit.com/r/AmIOverreacting/comments/1k0bxxm/aio_wife_has_gotten_very_cozy_with_a_male_friend/,1744777653.0
AmIOverreacting,AIO My F27 boyfriend M39 lied about his friends infidelity,https://www.reddit.com/r/AmIOverreacting/comments/1k0btuk/aio_my_f27_boyfriend_m39_lied_about_his_friends/,1744777243.0
AmIOverreacting,AIO about my group partner telling me to stop “giggle-shitting” myself?,https://www.reddit.com/r/AmIOverreacting/comments/1k0br7k/aio_about_my_group_partner_telling_me_to_stop/,1744776982.0
AmIOverreacting,AIO Neighbor's dog chased my grandma and she fell,https://www.reddit.com/r/AmIOverreacting/comments/1k0bpye/aio_neighbors_dog_chased_my_grandma_and_she_fell/,1744776854.0
AmIOverreacting,AIO about my girlfriend being alone with male friend while I'm out of town.,https://www.reddit.com/r/AmIOverreacting/comments/1k0bkkt/aio_about_my_girlfriend_being_alone_with_male/,1744776328.0
AmIOverreacting,AIO for getting upset at my boyfriend’s reaction to my temporary housing plans?,https://www.reddit.com/r/AmIOverreacting/comments/1k0beyf/aio_for_getting_upset_at_my_boyfriends_reaction/,1744775802.0
AmIOverreacting,"AIO? My friends belittled my achievements and my work, and then when I retaliated, they called me dramatic and they were just joking.",https://www.reddit.com/r/AmIOverreacting/comments/1k0b8v7/aio_my_friends_belittled_my_achievements_and_my/,1744775201.0
AmIOverreacting,AIO For being worried about my girlfriend,https://www.reddit.com/r/AmIOverreacting/comments/1k0b37u/aio_for_being_worried_about_my_girlfriend/,1744774660.0
AmIOverreacting,AIO to my girlfriend accusing me of cheating,https://www.reddit.com/r/AmIOverreacting/comments/1k0axze/aio_to_my_girlfriend_accusing_me_of_cheating/,1744774180.0
AmIOverreacting,AIO about my friend ‘being too touchy’,https://www.reddit.com/r/AmIOverreacting/comments/1k0awai/aio_about_my_friend_being_too_touchy/,1744774024.0
AmIOverreacting,AIO for being nervous to get engaged to my boyfriend because of other people’s opinions.,https://www.reddit.com/r/AmIOverreacting/comments/1k0avnh/aio_for_being_nervous_to_get_engaged_to_my/,1744773965.0
AmIOverreacting,"AIO partner raised voice at me, im not handling it well",https://www.reddit.com/r/AmIOverreacting/comments/1k0arjy/aio_partner_raised_voice_at_me_im_not_handling_it/,1744773592.0
AmIOverreacting,AIO? My husband came home and screamed at me… but it’s my fault?,https://www.reddit.com/r/AmIOverreacting/comments/1k0angh/aio_my_husband_came_home_and_screamed_at_me_but/,1744773229.0
AmIOverreacting,"AIO, boyfriend's family is blowing up my phone",https://www.reddit.com/r/AmIOverreacting/comments/1k0alij/aio_boyfriends_family_is_blowing_up_my_phone/,1744773053.0
AmIOverreacting,AIO: neighbors dog has bit two people,https://www.reddit.com/r/AmIOverreacting/comments/1k0ahe3/aio_neighbors_dog_has_bit_two_people/,1744772676.0
AmIOverreacting,AIO for reporting a coworker who asked me to be in a play?,https://www.reddit.com/r/AmIOverreacting/comments/1k0afqq/aio_for_reporting_a_coworker_who_asked_me_to_be/,1744772534.0
QAnonCasualties,Is my brother a lost cause?,https://www.reddit.com/r/QAnonCasualties/comments/1k0b92q/is_my_brother_a_lost_cause/,1744775224.0
QAnonCasualties,My Mom went from being progressive to Pro-Raw Milk and torture prisons,https://www.reddit.com/r/QAnonCasualties/comments/1k0bp0d/my_mom_went_from_being_progressive_to_proraw_milk/,1744776759.0
QAnonCasualties,Husband down the rabbit hole,https://www.reddit.com/r/QAnonCasualties/comments/1jzn0jh/husband_down_the_rabbit_hole/,1744706807.0
QAnonCasualties,"My old manager thinks vaccines made her son autistic, lesbians made him trans, and furry art will make him violent. She told all this to me... while I was working retail as a trans, audhd, furry.",https://www.reddit.com/r/QAnonCasualties/comments/1jxzj1v/my_old_manager_thinks_vaccines_made_her_son/,1744518318.0
QAnonCasualties,Q-in laws don’t believe my Fed husband is going to be laid off,https://www.reddit.com/r/QAnonCasualties/comments/1jwour7/qin_laws_dont_believe_my_fed_husband_is_going_to/,1744375169.0
QAnonCasualties,Worried we’ve lost my brother in law,https://www.reddit.com/r/QAnonCasualties/comments/1jvrqxb/worried_weve_lost_my_brother_in_law/,1744268300.0
QAnonCasualties,Rant about my ex online friend,https://www.reddit.com/r/QAnonCasualties/comments/1jv4i2u/rant_about_my_ex_online_friend/,1744201529.0
QAnonCasualties,Dealing with a friend,https://www.reddit.com/r/QAnonCasualties/comments/1jux8kb/dealing_with_a_friend/,1744172203.0
QAnonCasualties,"Using my energy to heal myself, not my Q husband.",https://www.reddit.com/r/QAnonCasualties/comments/1jtsn4z/using_my_energy_to_heal_myself_not_my_q_husband/,1744050954.0
QAnonCasualties,My neighbor is dead and I don't know how to feel,https://www.reddit.com/r/QAnonCasualties/comments/1jtfwo3/my_neighbor_is_dead_and_i_dont_know_how_to_feel/,1744012302.0
QAnonCasualties,Being around my brother (20) makes me sad and anxious,https://www.reddit.com/r/QAnonCasualties/comments/1jtdxlv/being_around_my_brother_20_makes_me_sad_and/,1744003788.0
QAnonCasualties,boyfriend’s parents are likely QAnon (and we live with them),https://www.reddit.com/r/QAnonCasualties/comments/1jt0fyn/boyfriends_parents_are_likely_qanon_and_we_live/,1743963002.0
QAnonCasualties,Marched in HandsOff with my Qish friend yesterday,https://www.reddit.com/r/QAnonCasualties/comments/1jsuaer/marched_in_handsoff_with_my_qish_friend_yesterday/,1743946613.0
QAnonCasualties,Thinking about cutting off a friend due to Q adjacent beliefs,https://www.reddit.com/r/QAnonCasualties/comments/1js2ban/thinking_about_cutting_off_a_friend_due_to_q/,1743856044.0
QAnonCasualties,My husbands aunts Qanon beliefs conflict with each other but she never questions her support for Qanon or MAGA.,https://www.reddit.com/r/QAnonCasualties/comments/1js10fn/my_husbands_aunts_qanon_beliefs_conflict_with/,1743851186.0
QAnonCasualties,"Our lead singer channeled the pain of losing his parents to Q into this song: ""Casual Fascists""",https://www.reddit.com/r/QAnonCasualties/comments/1jr1qu4/our_lead_singer_channeled_the_pain_of_losing_his/,1743735316.0
QAnonCasualties,"I have no advice, but I can offer this song",https://www.reddit.com/r/QAnonCasualties/comments/1jqqqob/i_have_no_advice_but_i_can_offer_this_song/,1743706272.0
QAnonCasualties,Let’s start local friend/chosen family groups.,https://www.reddit.com/r/QAnonCasualties/comments/1jq6cek/lets_start_local_friendchosen_family_groups/,1743645462.0
QAnonCasualties,Figuring out husband is a MAGA loyalist,https://www.reddit.com/r/QAnonCasualties/comments/1jpbf9v/figuring_out_husband_is_a_maga_loyalist/,1743553586.0
QAnonCasualties,Frustrated about friends and family in MAGA and/or QAnon? Check out Leaving MAGA,https://www.reddit.com/r/QAnonCasualties/comments/1jod9km/frustrated_about_friends_and_family_in_maga_andor/,1743452946.0
QAnonCasualties,My insane and contradicting coworker once friend.,https://www.reddit.com/r/QAnonCasualties/comments/1jnv9g8/my_insane_and_contradicting_coworker_once_friend/,1743395717.0
QAnonCasualties,El Salvador prison video,https://www.reddit.com/r/QAnonCasualties/comments/1jm8whu/el_salvador_prison_video/,1743204777.0
QAnonCasualties,What was your first hint that your son was falling into QAnon/red-pill/manosphere?,https://www.reddit.com/r/QAnonCasualties/comments/1jm0twy/what_was_your_first_hint_that_your_son_was/,1743183668.0
confessions,am I wrong if deep down I wish my trans boyfriend was a cis man?,https://www.reddit.com/r/confessions/comments/1k0iq8a/am_i_wrong_if_deep_down_i_wish_my_trans_boyfriend/,1744805070.0
confessions,My husband is divorcing me because I can’t have children,https://www.reddit.com/r/confessions/comments/1k0ga08/my_husband_is_divorcing_me_because_i_cant_have/,1744795884.0
confessions,I accidentally exposed my boyfriend’s mom for cheating… during family dinner,https://www.reddit.com/r/confessions/comments/1k0g331/i_accidentally_exposed_my_boyfriends_mom_for/,1744795038.0
confessions,"I thought my boyfriend was cheating on me, but I was wrong... and it’s so embarrassing",https://www.reddit.com/r/confessions/comments/1k0fl6x/i_thought_my_boyfriend_was_cheating_on_me_but_i/,1744792839.0
confessions,My Husband Shut Down My Son’s Sass in the Best Way Possible,https://www.reddit.com/r/confessions/comments/1k0ewjk/my_husband_shut_down_my_sons_sass_in_the_best_way/,1744789731.0
confessions,I caught my brother spying on me,https://www.reddit.com/r/confessions/comments/1k0dnqx/i_caught_my_brother_spying_on_me/,1744784368.0
confessions,"Friend cheats on gf, I get blamed",https://www.reddit.com/r/confessions/comments/1k0dd6w/friend_cheats_on_gf_i_get_blamed/,1744783164.0
confessions,I feel that my female best friend wants to change her current boyfriend with my male best friend and I don't know what to do.,https://www.reddit.com/r/confessions/comments/1k0abst/i_feel_that_my_female_best_friend_wants_to_change/,1744772186.0
confessions,I got into a fight in elementary school and never told my family the real reason it happened,https://www.reddit.com/r/confessions/comments/1k09326/i_got_into_a_fight_in_elementary_school_and_never/,1744768261.0
confessions,I think my girlfriend cuts and I don’t know what to do.,https://www.reddit.com/r/confessions/comments/1k07gzz/i_think_my_girlfriend_cuts_and_i_dont_know_what/,1744763256.0
confessions,My girlfriend of 3 years just broke up with me,https://www.reddit.com/r/confessions/comments/1k04qno/my_girlfriend_of_3_years_just_broke_up_with_me/,1744755467.0
confessions,My brother’s friend was inappropriate and nobody supports me,https://www.reddit.com/r/confessions/comments/1k04of9/my_brothers_friend_was_inappropriate_and_nobody/,1744755300.0
confessions,I left my terminally ill girlfriend.,https://www.reddit.com/r/confessions/comments/1k03whj/i_left_my_terminally_ill_girlfriend/,1744753237.0
confessions,"My best friend stopped talking to me, what do you think about why?",https://www.reddit.com/r/confessions/comments/1k03iy9/my_best_friend_stopped_talking_to_me_what_do_you/,1744752261.0
confessions,"My friends are all getting pregnant. I am not excited for them - I'm sad I'm going to lose being able to spend time with my friends, or have to deal with screaming children if I do want to hang out with them.",https://www.reddit.com/r/confessions/comments/1k0365v/my_friends_are_all_getting_pregnant_i_am_not/,1744751350.0
confessions,i blame my old roommate for my SA,https://www.reddit.com/r/confessions/comments/1k0012d/i_blame_my_old_roommate_for_my_sa/,1744743566.0
confessions,I (27m) think in love with my roommate (22f),https://www.reddit.com/r/confessions/comments/1jzxvwp/i_27m_think_in_love_with_my_roommate_22f/,1744738420.0
confessions,Falling for my friend,https://www.reddit.com/r/confessions/comments/1jzvsit/falling_for_my_friend/,1744733378.0
confessions,My Ex Friend has basically ruined me,https://www.reddit.com/r/confessions/comments/1jzuvef/my_ex_friend_has_basically_ruined_me/,1744731151.0
confessions,I secretly enjoy being the 'bad influence' friend.,https://www.reddit.com/r/confessions/comments/1jzskc3/i_secretly_enjoy_being_the_bad_influence_friend/,1744725529.0
LifeAdvice,"Elderly people, you were afraid of death as a young person, now how do you deal with it?",https://www.reddit.com/r/LifeAdvice/comments/1k0ehpm/elderly_people_you_were_afraid_of_death_as_a/,1744787923.0
LifeAdvice,Cutting off family for minor reasons?,https://www.reddit.com/r/LifeAdvice/comments/1k0dk25/cutting_off_family_for_minor_reasons/,1744783939.0
LifeAdvice,so my partner sent me a nude video and their toy is clicking on it's own,https://www.reddit.com/r/LifeAdvice/comments/1k09p9n/so_my_partner_sent_me_a_nude_video_and_their_toy/,1744770200.0
LifeAdvice,Does growing up mean really no friends? Am I doing something wrong?,https://www.reddit.com/r/LifeAdvice/comments/1k04tkh/does_growing_up_mean_really_no_friends_am_i_doing/,1744755694.0
LifeAdvice,My girlfriend wants a break and I don’t know if I should keep pushing through with it or move on,https://www.reddit.com/r/LifeAdvice/comments/1k04eg9/my_girlfriend_wants_a_break_and_i_dont_know_if_i/,1744754559.0
LifeAdvice,My friend (24) has very poor fine motor skills. How do I subtly give him ways to practice this without him noticing?,https://www.reddit.com/r/LifeAdvice/comments/1k031vh/my_friend_24_has_very_poor_fine_motor_skills_how/,1744751039.0
LifeAdvice,How did you make friends after switching schools or moving?,https://www.reddit.com/r/LifeAdvice/comments/1k02kpb/how_did_you_make_friends_after_switching_schools/,1744749845.0
LifeAdvice,F23 got a full time management job apartment finishing uni no friends and no enjoyment,https://www.reddit.com/r/LifeAdvice/comments/1jzy1mu/f23_got_a_full_time_management_job_apartment/,1744738805.0
LifeAdvice,Anxieties surrounding boyfriend drinking - looking for solutions,https://www.reddit.com/r/LifeAdvice/comments/1jzu0bm/anxieties_surrounding_boyfriend_drinking_looking/,1744729104.0
LifeAdvice,18 year old “entrepreneur” gambling addict with no friends life falling apart,https://www.reddit.com/r/LifeAdvice/comments/1jzm2hx/18_year_old_entrepreneur_gambling_addict_with_no/,1744702878.0
LifeAdvice,Help me and my long distance girlfriend close the gap between us,https://www.reddit.com/r/LifeAdvice/comments/1jzk9s1/help_me_and_my_long_distance_girlfriend_close_the/,1744695550.0
LifeAdvice,My boyfriends mom is abusing her cat,https://www.reddit.com/r/LifeAdvice/comments/1jzg104/my_boyfriends_mom_is_abusing_her_cat/,1744681429.0
LifeAdvice,Reluctant to start a new chapter because of my friends,https://www.reddit.com/r/LifeAdvice/comments/1jze0cx/reluctant_to_start_a_new_chapter_because_of_my/,1744675508.0
Vent,"This is the last time I’ll talk about my favorite person, and the last time I’ll be a source of disturbance in his life.",https://www.reddit.com/r/Vent/comments/1k0hwqx/this_is_the_last_time_ill_talk_about_my_favorite/,1744802311.0
Vent,Neighbor,https://www.reddit.com/r/Vent/comments/1k0hpdc/neighbor/,1744801569.0
Vent,I don't think finding your partner unattractive makes you a bad person,https://www.reddit.com/r/Vent/comments/1k0h7lj/i_dont_think_finding_your_partner_unattractive/,1744799715.0
Vent,I haven't had any friends in 4 entire years,https://www.reddit.com/r/Vent/comments/1k0f417/i_havent_had_any_friends_in_4_entire_years/,1744790657.0
Vent,"Xbox friend req from abusive ex, it's fucking with my head",https://www.reddit.com/r/Vent/comments/1k0emht/xbox_friend_req_from_abusive_ex_its_fucking_with/,1744788495.0
Vent,im tired of my best friend taking really long to respond.,https://www.reddit.com/r/Vent/comments/1k0dluv/im_tired_of_my_best_friend_taking_really_long_to/,1744784147.0
Vent,I broke up with my boyfriend last night. He’s still in my bed,https://www.reddit.com/r/Vent/comments/1k0cu8l/i_broke_up_with_my_boyfriend_last_night_hes_still/,1744781087.0
Vent,"It’s tough to make friends as an adult, and it makes me sad because I genuinely want them…",https://www.reddit.com/r/Vent/comments/1k0b8qd/its_tough_to_make_friends_as_an_adult_and_it/,1744775189.0
Vent,Is my friend mean or am I sensitive?,https://www.reddit.com/r/Vent/comments/1k0ajae/is_my_friend_mean_or_am_i_sensitive/,1744772852.0
Vent,"All my friends are dating, never felt more alone",https://www.reddit.com/r/Vent/comments/1k0ait7/all_my_friends_are_dating_never_felt_more_alone/,1744772806.0
incelexit,"Can you tell your success stories? in dating, in finding friends, or just in feeling good about yourself?",https://www.reddit.com/r/IncelExit/comments/1jwua99/can_you_tell_your_success_stories_in_dating_in/,1744389484.0
incelexit,How do I ask out a friend?,https://www.reddit.com/r/IncelExit/comments/1jnuu4u/how_do_i_ask_out_a_friend/,1743394106.0
incelexit,Deep Dive into Attractive Personality,https://www.reddit.com/r/IncelExit/comments/1jd5719/deep_dive_into_attractive_personality/,1742188148.0
incelexit,I hate being the single friend.,https://www.reddit.com/r/IncelExit/comments/1jbqg28/i_hate_being_the_single_friend/,1742026518.0
incelexit,How do you improve your personality and social skills?,https://www.reddit.com/r/IncelExit/comments/1j8q3ut/how_do_you_improve_your_personality_and_social/,1741697843.0
incelexit,How do I get a girlfriend?,https://www.reddit.com/r/IncelExit/comments/1j092zp/how_do_i_get_a_girlfriend/,1740753381.0
incelexit,"My (27M) Platonic Crush Is Ignoring Me, and I'm Having a Tough Time Not Taking It Personally.",https://www.reddit.com/r/IncelExit/comments/1iya3oo/my_27m_platonic_crush_is_ignoring_me_and_im/,1740528592.0
helpme,My ex is spilling my secrets to my ex-friends,https://www.reddit.com/r/helpme/comments/1k052i8/my_ex_is_spilling_my_secrets_to_my_exfriends/,1744756374.0
helpme,My bsf’s bf’s friend (supposedly) started a rumor!,https://www.reddit.com/r/helpme/comments/1jze9ej/my_bsfs_bfs_friend_supposedly_started_a_rumor/,1744676216.0
helpme,I 20F am confused about my partner 20M messaging his old situationship. What’s the next steps?,https://www.reddit.com/r/helpme/comments/1jzczcr/i_20f_am_confused_about_my_partner_20m_messaging/,1744672594.0
family,They said to me that I'm the only reason of their problems and sadness,https://www.reddit.com/r/family/comments/1k0i41k/they_said_to_me_that_im_the_only_reason_of_their/,1744803033.0
family,"my brother (28m) told my mom (49f) he was gonna k*ll himself, how can I fix it? It caused me (23f) to have a panic attack today during fight",https://www.reddit.com/r/family/comments/1k0gntg/my_brother_28m_told_my_mom_49f_he_was_gonna_kll/,1744797520.0
family,I discovered my boyfriend has a child,https://www.reddit.com/r/family/comments/1k0gfja/i_discovered_my_boyfriend_has_a_child/,1744796542.0
family,Cutting off family for minor reasons,https://www.reddit.com/r/family/comments/1k0dki7/cutting_off_family_for_minor_reasons/,1744783993.0
family,I am a bad person,https://www.reddit.com/r/family/comments/1k0d9i5/i_am_a_bad_person/,1744782749.0
family,Is my dad being financially abused by his brother and sister in law?,https://www.reddit.com/r/family/comments/1k0b7tm/is_my_dad_being_financially_abused_by_his_brother/,1744775105.0
family,My girlfriend and my sister dont get along at all,https://www.reddit.com/r/family/comments/1jzw8g0/my_girlfriend_and_my_sister_dont_get_along_at_all/,1744734451.0
family,I HATE MY LITTLE BROTHER,https://www.reddit.com/r/family/comments/1jzi243/i_hate_my_little_brother/,1744687709.0
family,My brother left and I don’t know what to do,https://www.reddit.com/r/family/comments/1jzf205/my_brother_left_and_i_dont_know_what_to_do/,1744678509.0
family,I found out that my son is a genius and I am faced with one dilemma. What to do? I'm asking for advice.,https://www.reddit.com/r/family/comments/1jzah79/i_found_out_that_my_son_is_a_genius_and_i_am/,1744665882.0
family,Sister (25F) cannot accept my (28F) divorce for some reason,https://www.reddit.com/r/family/comments/1jz5sv0/sister_25f_cannot_accept_my_28f_divorce_for_some/,1744654577.0
family,My husband and I owe his ex-best friend 2000$ and now he is threatening us.,https://www.reddit.com/r/family/comments/1jz5pse/my_husband_and_i_owe_his_exbest_friend_2000_and/,1744654372.0
family,Today is my(27m) elder brother's first year remembrance and I want to pour my heart here...,https://www.reddit.com/r/family/comments/1jyyffz/today_is_my27m_elder_brothers_first_year/,1744636054.0
family,I would like to know what being a good older brother is all about,https://www.reddit.com/r/family/comments/1jywysi/i_would_like_to_know_what_being_a_good_older/,1744631602.0
family,Our neighbors are really annoying and disturbing,https://www.reddit.com/r/family/comments/1jywpm9/our_neighbors_are_really_annoying_and_disturbing/,1744630692.0
family,My little brother is beyond saving.,https://www.reddit.com/r/family/comments/1jyvzu8/my_little_brother_is_beyond_saving/,1744628151.0
family,My mum and my husband,https://www.reddit.com/r/family/comments/1jyvd1j/my_mum_and_my_husband/,1744625641.0
family,My brothers worrying choices,https://www.reddit.com/r/family/comments/1jyug33/my_brothers_worrying_choices/,1744621760.0
family,won't be suprised if my little brother ended himself,https://www.reddit.com/r/family/comments/1jyog1g/wont_be_suprised_if_my_little_brother_ended/,1744597781.0
abusiverelationships,"I tried to get a friend out of a bad marriage, and got blocked.",https://www.reddit.com/r/abusiverelationships/comments/1k0f7g6/i_tried_to_get_a_friend_out_of_a_bad_marriage_and/,1744791087.0
abusiverelationships,Please help me stop loving my sexually abusive boyfriend & tell me he's awful,https://www.reddit.com/r/abusiverelationships/comments/1k0bmie/please_help_me_stop_loving_my_sexually_abusive/,1744776519.0
abusiverelationships,boyfriend won’t stay unless i live with him,https://www.reddit.com/r/abusiverelationships/comments/1k0a3oi/boyfriend_wont_stay_unless_i_live_with_him/,1744771463.0
abusiverelationships,Leaving when partner is a stay at home dad of our 1 year old,https://www.reddit.com/r/abusiverelationships/comments/1k0662v/leaving_when_partner_is_a_stay_at_home_dad_of_our/,1744759444.0
abusiverelationships,Leaving a Partner who is in the process of working to change,https://www.reddit.com/r/abusiverelationships/comments/1k03nc6/leaving_a_partner_who_is_in_the_process_of/,1744752576.0
abusiverelationships,"How do I 34/M manage my abusive ex 35/F, son and new relationship 25/F (also job/uni/ADHD)?",https://www.reddit.com/r/abusiverelationships/comments/1k03e3d/how_do_i_34m_manage_my_abusive_ex_35f_son_and_new/,1744751913.0
abusiverelationships,i went home to visit my family this weekend and now i’m a horrible person,https://www.reddit.com/r/abusiverelationships/comments/1jzivbh/i_went_home_to_visit_my_family_this_weekend_and/,1744690388.0
abusiverelationships,I finally have a win after I left my abusive husband!! IF I WAS ABLE TO FOLLOW THROUGH WITH LEAVING THEN YOU CAN TOO IF YOU HAVE DOUBTS!,https://www.reddit.com/r/abusiverelationships/comments/1jzfl8i/i_finally_have_a_win_after_i_left_my_abusive/,1744680096.0
abusiverelationships,What the fuck is the point of having a boyfriend,https://www.reddit.com/r/abusiverelationships/comments/1jzbi2y/what_the_fuck_is_the_point_of_having_a_boyfriend/,1744668605.0
abusiverelationships,"Autistic single mother of 2 escaping violent, abusive ex-partner",https://www.reddit.com/r/abusiverelationships/comments/1jzbczk/autistic_single_mother_of_2_escaping_violent/,1744668226.0
abusiverelationships,Are my (35M) girlfriend's (29F) breakdowns during arguments common?,https://www.reddit.com/r/abusiverelationships/comments/1jzb9in/are_my_35m_girlfriends_29f_breakdowns_during/,1744667990.0
abusiverelationships,"What do you do when the person you love only seems to love the version of you that stays silent, unchanged, and small?(him 26M, me 19F)",https://www.reddit.com/r/abusiverelationships/comments/1jz8py2/what_do_you_do_when_the_person_you_love_only/,1744661521.0
abusiverelationships,My boyfriend was abusive and now he is extremely remorseful,https://www.reddit.com/r/abusiverelationships/comments/1jz7feb/my_boyfriend_was_abusive_and_now_he_is_extremely/,1744658402.0
abusiverelationships,My stbx husband sides with my bullies while I protect him from his.,https://www.reddit.com/r/abusiverelationships/comments/1jz723w/my_stbx_husband_sides_with_my_bullies_while_i/,1744657524.0
